epoch,mean_loss
0,2.6960075
1,2.56828
2,2.008516
3,1.6801722
4,1.5657918
5,1.5318313
6,1.3864106
7,1.3088465
8,1.2606086
9,1.2535878
