epoch,mean_loss
0,2.6978803
1,2.57764
2,2.1637073
3,1.6951017
4,1.5550483
5,1.487344
6,1.3932421
7,1.2756505
8,1.2652113
9,1.2194082
